block_number,tx_hash,market,liquidator,borrower,repay_amount_raw,seize_tokens_raw
50180859,0x7b52a5f00968aec08906786a11b1f6ed6c991d4a09a634cefd0b891960d44bb8,0x628ff693426583D9a7FB391E54366292F509D457,0xEDff65B59d62195965561b66Ce840651607Ae0CD,0x3d9c2A22e772337fE0a94332a457939A7aE9a6C9,254024124426425,2342862900
50181416,0x8f5c574a7bc3fe71fe004893d3bbd81e46e95892e19385a6e21fa7bef6420afe,0x3bf93770f2d4a794c3d9EBEfBAeBAE2a8f09A5E5,0x94322A5A23C831Cd6e09cbA687D0f97e7Bc2a6AB,0xcEb25e3c3577c231Fa2e9CFcb20860D898c807b3,128017113607342084,3319934051545
50181421,0x5580b82b801921f102d3bf75a954be5b1febdac422228441764a9c85bfc14ceb,0x628ff693426583D9a7FB391E54366292F509D457,0xfa35CF1aCf6795e432CF06820605953B4A3e37e8,0x8f0b9d87F6e244d934b92B6ffa4aDCB0771E997e,6866015757040675,71490924420
50181972,0x6206950d2298c5fe4972f4464a977b08029f97645da3b7462ee26813b5604d5b,0x3bf93770f2d4a794c3d9EBEfBAeBAE2a8f09A5E5,0xEfC618b1ed83AB9D6497BD9f27712C0DE6b759EB,0xBC96b05477dF83F0623C5eB958C2D8696681DcF9,21610930404098893,133849177
50181981,0x8507dbc54246d6c5de1a55e1c558eeda0b32f4cc25b2851e5ec376238d68cc9c,0xF877ACaFA28c19b96727966690b2f44d35aD5976,0xb669CE0FBDb9FfE13fc663ece71EDc1EF39CDaE0,0x40801f86DAfc518f14B2e476902Fb100Db6ecfB1,26931,87979430470
50182702,0xf157dc000c65e1f3477c6727883a280b7a8191fc45de00aca475bae4133efd2f,0x628ff693426583D9a7FB391E54366292F509D457,0xEDff65B59d62195965561b66Ce840651607Ae0CD,0x3d9c2A22e772337fE0a94332a457939A7aE9a6C9,127012235413878,1255273597
50182866,0xe5641c4c567add23215908feccf8dca2353a292dd4787b4ca4c95836e1b15cb6,0xfC41B49d064Ac646015b459C522820DB9472F4B5,0xEDff65B59d62195965561b66Ce840651607Ae0CD,0xE471701C7ADAB52846a0DEe46F28eD45f793Ccf4,127755449482189,2323985906
50183024,0x5ab5c5dff92ceae407238f91ddf2722b721b874172fa3949c6a8153c8234c6c8,0x3bf93770f2d4a794c3d9EBEfBAeBAE2a8f09A5E5,0xEDff65B59d62195965561b66Ce840651607Ae0CD,0x8F27D7AF6b00eE451b6742d44ADFde3797C827d5,158981481973170,962205
50183027,0x31cd49ad52546896fe80ac4e64ec5ccb70dc55e6998e0b8ec29de7839f1df059,0xEdc817A28E8B93B03976FBd4a3dDBc9f7D176c22,0x8aCf7afC056397CA51e115E4c2Cac09A39e12492,0xbC4333FE147e4285f8442e7844096FE214499669,3719901723,17652826313758
50183028,0xfb6aca6c3d38dfd56d0c215a70535f3593137ad33215c6d9516546d1851e7372,0x6308204872BdB7432dF97b04B42443c714904F3E,0xEfC618b1ed83AB9D6497BD9f27712C0DE6b759EB,0x40801f86DAfc518f14B2e476902Fb100Db6ecfB1,8355606634426147568,144457425334
50191668,0x9cc14f132006d12b733155e31f48da7374a2ac36b2103f0be9b0f5e779bb39f4,0x3bf93770f2d4a794c3d9EBEfBAeBAE2a8f09A5E5,0xb669CE0FBDb9FfE13fc663ece71EDc1EF39CDaE0,0x662DD6980f2442e1Db4BA4ecC5518eed376005e4,4242985030534372,26375544
50191669,0x0fc92d294e8c62e144f1c8fbf6ce5c1f935ba0db2ffdb122526f4c4760aa6332,0xb8051464C8c92209C92F3a4CD9C73746C4c3CFb3,0xB798135Bda49494d0DC783e7Db057Da590b7F94F,0x65254A270E12Bb00139ECB652f06dd1bc53FcD42,285517708943477,1719075
50191671,0xf9592a951e33227d6f02ba50bf664e7604409b58b9e48455e48cce9695a32712,0x628ff693426583D9a7FB391E54366292F509D457,0x8aCf7afC056397CA51e115E4c2Cac09A39e12492,0x76F88702325c92C83eFaD341a932Fb326957056F,5039082427810259885,52807233441594
50191671,0x3a16e8006e38a18abdc2fff0eb8ddfd76114cf661dc84e845a0188fe00a92ceb,0x628ff693426583D9a7FB391E54366292F509D457,0x8407699e359aE158bd7ec0668600cc19A79F17c3,0x76F88702325c92C83eFaD341a932Fb326957056F,2493459375861006848,26130291223563
50191672,0xf8c3c86ebb50ccdab5d49a66ebda259d8eeb80f5ebcc13ebe6ed5da481103226,0x628ff693426583D9a7FB391E54366292F509D457,0xEfC618b1ed83AB9D6497BD9f27712C0DE6b759EB,0x76F88702325c92C83eFaD341a932Fb326957056F,1272811565137501613,13338471489461
50191727,0x330900ef2be49b40befcdec4b0926f1cf2602f47e8bc42be6cc298967bed781c,0x628ff693426583D9a7FB391E54366292F509D457,0x8407699e359aE158bd7ec0668600cc19A79F17c3,0xAA069d6199E0f4FCC84C6354E050D5F25f74c429,562268248028012672,98592739
50191912,0x4487744e77e51fa6b052626fd939bccfb711095731cc4ed164bc6f15b0939322,0x628ff693426583D9a7FB391E54366292F509D457,0x8aCf7afC056397CA51e115E4c2Cac09A39e12492,0x76F88702325c92C83eFaD341a932Fb326957056F,636405886782058831,6689331064810
50192153,0x6af0b50063290354934f54bde6f0b6f97625023920fa8ca5a781c0185d86fe2e,0x628ff693426583D9a7FB391E54366292F509D457,0xEfC618b1ed83AB9D6497BD9f27712C0DE6b759EB,0x76F88702325c92C83eFaD341a932Fb326957056F,318203002489797438,3449876568707
50192167,0x81b33db28eb4c6d34bc6b53c6604078821b0f755ef4233951a3abcf4e3230355,0x628ff693426583D9a7FB391E54366292F509D457,0xDA5953Da8477E8b3A122540d460986c4F769BD80,0xFE6e5A14C0f8054040725EF0a6730F5DfE57AD42,2263629115824597217,22367342480485
50192597,0x62a6f8244c1a0539041016762e0bbdf7baf8d24545c04e8b69967148cb4ba477,0x628ff693426583D9a7FB391E54366292F509D457,0x2a6EFb4f50BDb2be9b4FbFDF7CaDFdA3fBe0b688,0x3d9c2A22e772337fE0a94332a457939A7aE9a6C9,63506576465278,683236261
50218509,0x7ca8bae3ad941c2ff0a42a3b3a49b2d764183c07aaf81da5555f07a7127f93cd,0xEdc817A28E8B93B03976FBd4a3dDBc9f7D176c22,0xa7B56c8c4751661F08421F674693C6E020777ad5,0xAfAd92a267e871a90A3bB0BB0E46dCbA65f34357,23368,105188457
50221087,0xc57709bb5d7a537c1d936cd898ad223499b96db8cbfbf8bdf042731cf79db456,0xEdc817A28E8B93B03976FBd4a3dDBc9f7D176c22,0xa7B56c8c4751661F08421F674693C6E020777ad5,0xB006D4A23BEa63f770CA74674AcF892d3e1fB881,36052,352687686
50221451,0x52ad80b19a089f1c8ef665bd7a631adc3017e7dfe2c7c70ca611b06bb3c09905,0x628ff693426583D9a7FB391E54366292F509D457,0xEDff65B59d62195965561b66Ce840651607Ae0CD,0xfA826Ff8ADa02e5ddefCc72A0360Dc5c94CAEF4C,62450071084619,330987
50221458,0xdfb433952f398014459e2238db89e044592b454bfc8222783d446918da833662,0x628ff693426583D9a7FB391E54366292F509D457,0xEDff65B59d62195965561b66Ce840651607Ae0CD,0x1e36322292725F408E2A5b9a4610A8CE48Dd45AA,76700319068940,833876860
50221503,0x8a6bdc843d2af50ecb587db6f9c8b1208de1e22ec9151fa9f9329c9adbbddd19,0xEdc817A28E8B93B03976FBd4a3dDBc9f7D176c22,0xEDff65B59d62195965561b66Ce840651607Ae0CD,0x2565E923de206F04A49bD93d3C75b85F0d354BE3,457936,4529687475
50221795,0x4e7c5669ce58bdaa7adb0ad166596ecaf1fa8de70a957878bf79bc158d4fabc6,0xb682c840B5F4FC58B20769E691A6fa1305A501a2,0xEDff65B59d62195965561b66Ce840651607Ae0CD,0x4C2de0c63b7e6d530df7E6221201E29858cAe7de,101252,562056477
50221806,0xcaeb5b67cdad66daa95dcfa7b5e9cb206918c2cf26659d719f65186713770ce3,0xEdc817A28E8B93B03976FBd4a3dDBc9f7D176c22,0xEDff65B59d62195965561b66Ce840651607Ae0CD,0x80F53C5E00F0176923e80e47036144dfb013e63B,104311,243529
50221810,0xde5b154c0aa1a7ef5d42532f7ef60d57470c74db0bb05c8235baf40de2eeb31e,0x628ff693426583D9a7FB391E54366292F509D457,0xEDff65B59d62195965561b66Ce840651607Ae0CD,0x8e057705925ABbD5991ad073f0903A4B5d3794C9,59377238732100,314701
50221925,0x01d688a487e3fe986e8cdbb8636c8972f45f734fb47bc5adf70014f178dc485e,0x73902f619CEB9B31FD8EFecf435CbDf89E369Ba6,0xEDff65B59d62195965561b66Ce840651607Ae0CD,0xE4e0D6e243e1683878BfFb91eC2a1F51cc2E2f73,312660801169496384,347007
50222031,0x3eb119f77b0f0823c6f0a9ecf0a8a2a016e8ac11e923447ebec94f66a49dc414,0x3bf93770f2d4a794c3d9EBEfBAeBAE2a8f09A5E5,0xEDff65B59d62195965561b66Ce840651607Ae0CD,0x87F2A62e68f69Ab61f0e4CE4b4F85bc40f90cE76,42402772897956,255623
50222035,0xdcbb9a20937c1b23e1b70624cdb39b3e33d850b4b700a231facbda202d3051f4,0xEdc817A28E8B93B03976FBd4a3dDBc9f7D176c22,0xEDff65B59d62195965561b66Ce840651607Ae0CD,0x3c8A052859C729c0778DA397Cf0554928Cc2046B,105492,246005
50222126,0x3833322d6d465f030db7ec700d2a1673b563cc188ac19c040d31be0e106ee39f,0x628ff693426583D9a7FB391E54366292F509D457,0xEDff65B59d62195965561b66Ce840651607Ae0CD,0xe6e4901de4676D7F10de6625f563495009DeA373,58985546190735,636125551
50222143,0x8dda226eca83da83498110cf7841c33417877bff463a47021f1d5a9db1e51ff1,0xEdc817A28E8B93B03976FBd4a3dDBc9f7D176c22,0xEDff65B59d62195965561b66Ce840651607Ae0CD,0x39239C74917Eee9a120b7D67848149964d4D8498,113785,265344
50222712,0xab908fc66d27d1c6c079224efe1075b6e9d1f5a523cb91866214d9d31054a3e8,0xEdc817A28E8B93B03976FBd4a3dDBc9f7D176c22,0xEDff65B59d62195965561b66Ce840651607Ae0CD,0x7550b2FA6313F6c713b5693352c0860C0661c117,105290,244936
50224589,0x16069b52641ff32af14c6025fe8dd9e8e9001b65f078985c06a0d95644ef0da4,0xEdc817A28E8B93B03976FBd4a3dDBc9f7D176c22,0xEDff65B59d62195965561b66Ce840651607Ae0CD,0x04599f69Cbb1cD8f3798519562a39EDd5975442a,117278,556490522
50225621,0x8d10a1a33a79a4c542f1a3a836e9518d561f893103ef1b127f440901d9b7e26f,0xEdc817A28E8B93B03976FBd4a3dDBc9f7D176c22,0xEDff65B59d62195965561b66Ce840651607Ae0CD,0xa8Aa12F3710a095882248955a778f59de42eC581,153282,353268
50225624,0xf0866df3a53e59b69e4dc7684d8b40c1de7aa4ef7f8c61b44312aeafa4008d9b,0x3bf93770f2d4a794c3d9EBEfBAeBAE2a8f09A5E5,0xEDff65B59d62195965561b66Ce840651607Ae0CD,0x07A7c0116Df02A27EaDF315EB1457F1d8719d7EE,41503571280854,250248
50225869,0x730b96a2d170d3bf0ff0b4a536b60ea7cb0c0272b55e32b8b11681882d9e7ddc,0x628ff693426583D9a7FB391E54366292F509D457,0xB798135Bda49494d0DC783e7Db057Da590b7F94F,0x6A75f63DA7C2BC77871E0558511725A5F30a6D6a,903640952890317,4789316
50226982,0x1ba3a02e910f1964d2350162b5b9b887fb0a274c0ff0f7a232856762c3d42394,0xEdc817A28E8B93B03976FBd4a3dDBc9f7D176c22,0xEDff65B59d62195965561b66Ce840651607Ae0CD,0x2ad6EdEa3EcD174Be69E47BDC37ffFE5AdAc6807,126628,243368
50227017,0x9ff65947b2ed63758f00165c0d8165770a58e64a04799acbc37d5f868e7535ac,0x628ff693426583D9a7FB391E54366292F509D457,0xEDff65B59d62195965561b66Ce840651607Ae0CD,0xAbBdBE2f5630b3274f996d338241D50A5446e527,93226405590842,415918
50227059,0x83d8e6c22242dd8915e229c138199073b0883ca1485705daa2e833bbf18b7b50,0xEdc817A28E8B93B03976FBd4a3dDBc9f7D176c22,0xEDff65B59d62195965561b66Ce840651607Ae0CD,0x3e2178CF851A0e5cbF84c0ff53f820ad7EAD703b,271705,522261
50227702,0xb1c3112d7987123b19ea6b0cf68b6dace376a3d6c71d217fd8846ee3c8a2c6cf,0xEdc817A28E8B93B03976FBd4a3dDBc9f7D176c22,0xEDff65B59d62195965561b66Ce840651607Ae0CD,0xC5d497972e0479e33C493b7cB00a1793424A851a,108378,245096
50227723,0xe70f9cdfd36fcbbe0fa1a59cd46ed31735d47de57291af095b2a5d1aea2db855,0xEdc817A28E8B93B03976FBd4a3dDBc9f7D176c22,0xEDff65B59d62195965561b66Ce840651607Ae0CD,0x3e2178CF851A0e5cbF84c0ff53f820ad7EAD703b,106738,241814
50230169,0x210ca3b9d8e1827f3ca6e3255aea858e461ca65d70be505a33bf79c9248a94d7,0x628ff693426583D9a7FB391E54366292F509D457,0xEDff65B59d62195965561b66Ce840651607Ae0CD,0x4aeC74a69b943BE31E02307b3b05156Eb98F5E32,88093410724210,466895
50230512,0xd379b129f013f18232c8f107178a9c5fcb1d2ad10f3f339184a16f177948145e,0x628ff693426583D9a7FB391E54366292F509D457,0xfa35CF1aCf6795e432CF06820605953B4A3e37e8,0xd34fc549D72f83DDce2a63908720847Dc06e873D,3637272739193078,19277579
50236322,0x59c0fece466606b44f3e95b84b7ba80f263e555c216db4a30f959e28498ee826,0x703843C3379b52F9FF486c9f5892218d2a065cC8,0xEDff65B59d62195965561b66Ce840651607Ae0CD,0x5a98d87D2f53FF626322A5d9e08eD1C33E6D5e12,120822,276030
50239508,0x712a58cbac1adb9f45fbdcf80446298be9b50498a583655cf7588cf7c48482ee,0x627Fe393Bc6EdDA28e99AE648fD6fF362514304b,0xEDff65B59d62195965561b66Ce840651607Ae0CD,0x56fF73B9e13B1F3f61fFccdd2b92F419Aeb97F87,95895113055234,1318112499
50255562,0x80b6b50c5a2af8fce8115336035f1f318b300b41ff10409e96e9587331a3584c,0xEdc817A28E8B93B03976FBd4a3dDBc9f7D176c22,0xE5C91119dFF7e04cd6834a9c9D0A66380EdB4aF5,0x6BFAAD45DfaCb6336891e720E9E8259E511dEdCC,1362860470,5425002981346
50256392,0x3d55c99162c139d3dc0c6a3b11f2df523581cc100e09716904ae8ebcec36d75e,0xF877ACaFA28c19b96727966690b2f44d35aD5976,0x8aCf7afC056397CA51e115E4c2Cac09A39e12492,0x672B76004381287fff07ef05D22Fee4433DD20EB,87892701,325366671713235
50265338,0x60196f025f803d9888a38542c04500c7d80a7ca014c064c87a912f78c76121fc,0xdE8Df9d942D78edE3Ca06e60712582F79CFfFC64,0x8aCf7afC056397CA51e115E4c2Cac09A39e12492,0x7338383c9CDFDb4191fc55EE148FaD3b5d84f04B,568748688741788159831,1706591955859
50267785,0x267acbd7dc8519be24fd60a839b95e6117d37190ef39044d60bc5f8259658f92,0xdE8Df9d942D78edE3Ca06e60712582F79CFfFC64,0xA00003B2e58e808bCb536041045a5d0F7750c777,0x7338383c9CDFDb4191fc55EE148FaD3b5d84f04B,452788311671034851651,1376973741337
50270739,0x42a71a45e021a7cf8766019cb63a8fc41ee9150fac763e9698122ea8b751abfc,0xF877ACaFA28c19b96727966690b2f44d35aD5976,0xf0d78212ACdBc2F6663D1eAC3eC1B5F27815e925,0xFB0857E91Ca6aC98FEB8748BFD4532E785d8FA64,950000,3488961031876
50271730,0x39593b9734b6511e726d9b7c203ea36c5ec24cd09650a8ad87a28dd47613fd88,0x628ff693426583D9a7FB391E54366292F509D457,0x41c19396CF31B68878FAdE8d75244ec9492f5F1E,0xA635C90d2f1CF969f1f1f662b23Daa198F2888ee,1856445339735712,21228486693
50271754,0x9636bceceaaa4442a8cbd2162cd3b0f0d1285eccc981b4817a8b9f9781aeb514,0xEdc817A28E8B93B03976FBd4a3dDBc9f7D176c22,0x3623c921bfD9d7E9D88E5CBb436B68bE2C2Bc0B7,0x047baadb43555B3400Fc65c498a0D54C4CE0F2c8,8735241,86800142266
50278720,0xcabc1e7fea72026c9e078bb552ab9ec8ed02baeae6fc4818348d7efe54fec1e9,0x628ff693426583D9a7FB391E54366292F509D457,0xc6b846213E588e8f525C77d40c56bF91437B0e8e,0x8D4bBb3940323CDaEFF46aD422972714134eBf6c,13315381030788889,155265890600
50279080,0xf768c86c3616e88c7097918d5b90331e83ca3cb179de6138236c920bd7819d5f,0x628ff693426583D9a7FB391E54366292F509D457,0xEDff65B59d62195965561b66Ce840651607Ae0CD,0x0cb88F9D6B41fa0fA1A8b6e817d364F9Ce3AD96d,184026145246553,2162964736
50280145,0x853dcd4f7d367781cdbde9ba8353a8f785a59ea0a6d29589703b9a4a9a0412b8,0x628ff693426583D9a7FB391E54366292F509D457,0xEDff65B59d62195965561b66Ce840651607Ae0CD,0xAE7B0FC3eC05b13A390d115D8b28a5b905C712D9,122320529043358,1460292231
50280191,0x6089e091f3e887131a05e9cd8ff35b9f2bbc4e6e7397d50b187ad9b3cb8790d6,0x628ff693426583D9a7FB391E54366292F509D457,0xE5C91119dFF7e04cd6834a9c9D0A66380EdB4aF5,0x43e0775A55a48E6aabeeF66560C2b24f8E86C372,81533199793882293,784053179668
50280362,0xde67fb9495b1147dd4320e88fd37349e2dce193b272110661c1308fd1ccac1b6,0xF877ACaFA28c19b96727966690b2f44d35aD5976,0xf0d78212ACdBc2F6663D1eAC3eC1B5F27815e925,0x7338383c9CDFDb4191fc55EE148FaD3b5d84f04B,362732,1211664184904
50286816,0x4739334a4d0803520ca58308ad6b2ae9f9664d1eb59f3fb7694cf0abac8e2af9,0x628ff693426583D9a7FB391E54366292F509D457,0x41c19396CF31B68878FAdE8d75244ec9492f5F1E,0xA635C90d2f1CF969f1f1f662b23Daa198F2888ee,794437583477317,9491985691
50288196,0x110148505191958bbdad419cd90bb126ed305f712f82f965c5c2a6ed40bbfa94,0xdE8Df9d942D78edE3Ca06e60712582F79CFfFC64,0xfa35CF1aCf6795e432CF06820605953B4A3e37e8,0x7338383c9CDFDb4191fc55EE148FaD3b5d84f04B,226397117398895054633,716552140526
50292198,0xfc3e89f7c4bd4b7abcf37a0b21f75c4e45f0fc6d2f5c71531ccd7a871210fb44,0xF877ACaFA28c19b96727966690b2f44d35aD5976,0xf0d78212ACdBc2F6663D1eAC3eC1B5F27815e925,0x7338383c9CDFDb4191fc55EE148FaD3b5d84f04B,181367,607001530403
50293081,0x265323699e226186ca41869040b9ec64a8460c6dd11927107719e17621b0fa84,0xEdc817A28E8B93B03976FBd4a3dDBc9f7D176c22,0x3623c921bfD9d7E9D88E5CBb436B68bE2C2Bc0B7,0x6071B610694db4C502da5370EE39623008DB0E03,1721405862,17496054747186
50293126,0x6e9d51dcebe2bf1ec86f6b1cd9feb66b7012788eeead8413be5f574837186f7a,0xEdc817A28E8B93B03976FBd4a3dDBc9f7D176c22,0x3623c921bfD9d7E9D88E5CBb436B68bE2C2Bc0B7,0x9bD11E9313f61b2AeD601eb9d8271c3230752e7E,4471318600,46044659687518
50297179,0x15f13632778d417b34947f66ea2d2004fc5877870ae38de33c48d3f5629b47d8,0x628ff693426583D9a7FB391E54366292F509D457,0x41c19396CF31B68878FAdE8d75244ec9492f5F1E,0xA635C90d2f1CF969f1f1f662b23Daa198F2888ee,2019877207838619,23376176175
50302793,0x043d930fb0ffd0542c89b2580e74f928b433417e2a93f653c46fc6e59c0ed42c,0xEdc817A28E8B93B03976FBd4a3dDBc9f7D176c22,0xF00003BF2dCfeb166e3DEe7D0E0ffF197cdFcaBd,0xE9dB729a49eE7bdE5eC05c1D1D68Db901ab5FAde,1031642524,1914200450
